obra,autor_yaml,grupo,termo_encontrado,pagina,posicao_no_texto,trecho_central,descartado_por_exclusao
latour_1999_pandora_en,latour,inscription,inscription,1,74749,inscription,0
latour_1999_pandora_en,latour,inscription,inscriptions,1,75849,inscriptions,0
latour_1999_pandora_en,latour,inscription,inscriptions,1,107156,inscriptions,0
latour_1999_pandora_en,latour,inscription,inscription,1,120673,inscription,0
latour_1999_pandora_en,latour,inscription,inscriptions,1,143869,inscriptions,0
latour_1999_pandora_en,latour,inscription,inscription,1,149173,inscription,0
latour_1999_pandora_en,latour,inscription,inscriptions,1,149462,inscriptions,0
latour_1999_pandora_en,latour,inscription,inscription,1,168614,inscription,0
latour_1999_pandora_en,latour,inscription,inscriptions,1,734956,inscriptions,0
latour_1999_pandora_en,latour,inscription,inscription,1,741413,inscription,0
latour_1999_pandora_en,latour,inscription,inscription,1,741430,INSCRIPTION,0
latour_1999_pandora_en,latour,inscription,inscriptions,1,741643,inscriptions,0
latour_1999_pandora_en,latour,inscription,inscription,1,754584,inscription,0
latour_1999_pandora_en,latour,inscription,inscriptions,1,778927,Inscriptions,0
latour_1999_pandora_en,latour,immutable_mobile,immutable mobiles,1,741959,immutable mobiles,0
latour_1999_pandora_en,latour,immutable_mobile,immutable mobiles,1,742085,immutable mobiles,0
latour_1999_pandora_en,latour,immutable_mobile,immutable mobiles,1,778364,Immutable mobiles,0
latour_1999_pandora_en,latour,black_box,"black
box",1,64182,"black
box",0
latour_1999_pandora_en,latour,black_box,black box,1,154491,black box,0
latour_1999_pandora_en,latour,black_box,blackboxing,1,372459,blackboxing,0
latour_1999_pandora_en,latour,black_box,blackboxing,1,432773,blackboxing,0
latour_1999_pandora_en,latour,black_box,black box,1,433579,black box,0
latour_1999_pandora_en,latour,black_box,blackboxing,1,435168,blackboxing,0
latour_1999_pandora_en,latour,black_box,blackboxing,1,435368,BLACKBOXING,0
latour_1999_pandora_en,latour,black_box,black boxes,1,436608,black boxes,0
latour_1999_pandora_en,latour,black_box,"black
boxes",1,436652,"black
boxes",0
latour_1999_pandora_en,latour,black_box,black box,1,436726,black box,0
latour_1999_pandora_en,latour,black_box,black box,1,436748,black box,0
latour_1999_pandora_en,latour,black_box,"black
box",1,453021,"black
box",0
latour_1999_pandora_en,latour,black_box,blackboxing,1,455048,blackboxing,0
latour_1999_pandora_en,latour,black_box,black box,1,457958,black box,0
latour_1999_pandora_en,latour,black_box,blackbox,1,500417,blackbox,0
latour_1999_pandora_en,latour,black_box,blackboxing,1,769135,Blackboxing,0
latour_1999_pandora_en,latour,black_box,blackboxing,1,785172,blackboxing,0
latour_1999_pandora_en,latour,centre_of_calculation,centers of calculation,1,122454,centers of calculation,0
latour_1999_pandora_en,latour,centre_of_calculation,centers of calculation,1,158089,centers of calculation,0
latour_1999_pandora_en,latour,centre_of_calculation,center of calculation,1,734909,CENTER OF CALCULATION,0
latour_1999_pandora_en,latour,centre_of_calculation,centers of calculation,1,771009,Centers of calculation,0
latour_1999_pandora_en,latour,actor_network,actant,1,268677,actant,0
latour_1999_pandora_en,latour,actor_network,actant,1,281329,actant,0
latour_1999_pandora_en,latour,actor_network,actant,1,282667,actant,0
latour_1999_pandora_en,latour,actor_network,actants,1,283908,actants,0
latour_1999_pandora_en,latour,actor_network,actants,1,329375,actants,0
latour_1999_pandora_en,latour,actor_network,actant,1,426089,actant,0
latour_1999_pandora_en,latour,actor_network,actant,1,426777,actant,0
latour_1999_pandora_en,latour,actor_network,actants,1,427007,actants,0
latour_1999_pandora_en,latour,actor_network,actants,1,427713,actants,0
latour_1999_pandora_en,latour,actor_network,actants,1,430648,actants,0
latour_1999_pandora_en,latour,actor_network,actants,1,430762,actants,0
latour_1999_pandora_en,latour,actor_network,actants,1,430783,actants,0
latour_1999_pandora_en,latour,actor_network,actants,1,433685,actants,0
latour_1999_pandora_en,latour,actor_network,actant,1,434110,actant,0
latour_1999_pandora_en,latour,actor_network,actants,1,434218,actants,0
latour_1999_pandora_en,latour,actor_network,actants,1,434302,actants,0
latour_1999_pandora_en,latour,actor_network,actants,1,435823,actants,0
latour_1999_pandora_en,latour,actor_network,actants,1,436364,actants,0
latour_1999_pandora_en,latour,actor_network,actant,1,445445,actant,0
latour_1999_pandora_en,latour,actor_network,actants,1,448351,actants,0
latour_1999_pandora_en,latour,actor_network,actants,1,448683,actants,0
latour_1999_pandora_en,latour,actor_network,actants,1,450057,actants,0
latour_1999_pandora_en,latour,actor_network,actant,1,455348,actant,0
latour_1999_pandora_en,latour,actor_network,actants,1,461496,actants,0
latour_1999_pandora_en,latour,actor_network,actants,1,469943,actants,0
latour_1999_pandora_en,latour,actor_network,actants,1,489709,actants,0
latour_1999_pandora_en,latour,actor_network,actants,1,499113,actants,0
latour_1999_pandora_en,latour,actor_network,actant,1,731910,ACTANT,0
latour_1999_pandora_en,latour,actor_network,actant,1,732471,actant,0
latour_1999_pandora_en,latour,actor_network,actants,1,766347,actants,0
latour_1999_pandora_en,latour,actor_network,actants,1,766547,actants,0
latour_1999_pandora_en,latour,translation,translated,1,1800,translated,0
latour_1999_pandora_en,latour,translation,translation,1,34400,translation,0
latour_1999_pandora_en,latour,translation,translation,1,72521,translation,0
latour_1999_pandora_en,latour,translation,translated,1,115906,translated,0
latour_1999_pandora_en,latour,translation,translation,1,117751,translation,0
latour_1999_pandora_en,latour,translation,translations,1,128640,translations,0
latour_1999_pandora_en,latour,translation,translation,1,190008,translation,0
latour_1999_pandora_en,latour,translation,translation,1,190345,translation,0
latour_1999_pandora_en,latour,translation,translation,1,190805,translation,0
latour_1999_pandora_en,latour,translation,translation,1,192647,translation,0
latour_1999_pandora_en,latour,translation,translation,1,193659,translation,0
latour_1999_pandora_en,latour,translation,translation,1,193976,translation,0
latour_1999_pandora_en,latour,translation,translation,1,195081,translation,0
latour_1999_pandora_en,latour,translation,translation,1,195721,translation,0
latour_1999_pandora_en,latour,translation,translations,1,198493,translations,0
latour_1999_pandora_en,latour,translation,translation,1,200236,translation,0
latour_1999_pandora_en,latour,translation,translation,1,201018,translation,0
latour_1999_pandora_en,latour,translation,translation,1,204082,translation,0
latour_1999_pandora_en,latour,translation,translations,1,204339,translations,0
latour_1999_pandora_en,latour,translation,translates,1,205579,translates,0
latour_1999_pandora_en,latour,translation,translations,1,216416,translations,0
latour_1999_pandora_en,latour,translation,translation,1,220740,Translation,0
latour_1999_pandora_en,latour,translation,translations,1,249925,translations,0
latour_1999_pandora_en,latour,translation,translation,1,252705,translation,0
latour_1999_pandora_en,latour,translation,translations,1,253027,translations,0
latour_1999_pandora_en,latour,translation,translated,1,262696,translated,0
latour_1999_pandora_en,latour,translation,translation,1,262845,translation,0
latour_1999_pandora_en,latour,translation,translation,1,381718,translation,0
latour_1999_pandora_en,latour,translation,translation,1,422885,TRANSLATION,0
latour_1999_pandora_en,latour,translation,translation,1,422985,translation,1
latour_1999_pandora_en,latour,translation,translation,1,423177,translation,0
latour_1999_pandora_en,latour,translation,translation,1,423220,translation,0
latour_1999_pandora_en,latour,translation,translation,1,423400,translation,0
latour_1999_pandora_en,latour,translation,translation,1,424325,translation,0
latour_1999_pandora_en,latour,translation,translation,1,429248,translation,0
latour_1999_pandora_en,latour,translation,translations,1,435693,translations,0
latour_1999_pandora_en,latour,translation,translation,1,438920,translation,0
latour_1999_pandora_en,latour,translation,translated,1,439573,translated,0
latour_1999_pandora_en,latour,translation,translation,1,440726,translation,0
latour_1999_pandora_en,latour,translation,translated,1,441849,translated,0
latour_1999_pandora_en,latour,translation,translation,1,443914,translation,0
latour_1999_pandora_en,latour,translation,translate,1,444470,translate,0
latour_1999_pandora_en,latour,translation,translation,1,450900,translation,0
latour_1999_pandora_en,latour,translation,translation,1,453835,translation,0
latour_1999_pandora_en,latour,translation,translation,1,458546,translation,0
latour_1999_pandora_en,latour,translation,translation,1,460795,translation,0
latour_1999_pandora_en,latour,translation,translation,1,462257,translation,0
latour_1999_pandora_en,latour,translation,translates,1,463916,translates,0
latour_1999_pandora_en,latour,translation,translation,1,518426,translation,0
latour_1999_pandora_en,latour,translation,translation,1,575395,translation,0
latour_1999_pandora_en,latour,translation,translation,1,600691,translation,0
latour_1999_pandora_en,latour,translation,translations,1,602198,translations,0
latour_1999_pandora_en,latour,translation,translation,1,644299,translation,0
latour_1999_pandora_en,latour,translation,translation,1,718438,translation,0
latour_1999_pandora_en,latour,translation,translation,1,724640,translation,0
latour_1999_pandora_en,latour,translation,translation,1,733048,translation,0
latour_1999_pandora_en,latour,translation,translation,1,735274,TRANSLATION,0
latour_1999_pandora_en,latour,translation,translation,1,735298,translation,0
latour_1999_pandora_en,latour,translation,translations,1,741852,translations,0
latour_1999_pandora_en,latour,translation,translations,1,743222,translations,0
latour_1999_pandora_en,latour,translation,translation,1,754373,TRANSLATION,0
latour_1999_pandora_en,latour,translation,translation,1,754622,translation,0
latour_1999_pandora_en,latour,translation,translation,1,754923,translation,0
latour_1999_pandora_en,latour,translation,translate,1,754996,translate,0
latour_1999_pandora_en,latour,translation,translation,1,756305,Translation,0
latour_1999_pandora_en,latour,translation,translations,1,764491,Translations,0
latour_1999_pandora_en,latour,translation,translation,1,771324,translation,0
latour_1999_pandora_en,latour,translation,translation,1,775824,translation,0
latour_1999_pandora_en,latour,translation,translation,1,784666,translation,1
latour_1999_pandora_en,latour,translation,translations,1,790812,Translations,0
latour_1999_pandora_en,latour,translation,translation,1,790874,Translation,0
latour_1999_pandora_en,latour,translation,translations,1,790953,Translations,0
latour_1999_pandora_en,latour,factish,factishes,1,5466,Factishes,0
latour_1999_pandora_en,latour,factish,factish,1,46031,factish,0
latour_1999_pandora_en,latour,factish,factish,1,46066,factish,0
latour_1999_pandora_en,latour,factish,factish,1,259984,factish,0
latour_1999_pandora_en,latour,factish,factish,1,316202,factish,0
latour_1999_pandora_en,latour,factish,factishes,1,441596,factishes,0
latour_1999_pandora_en,latour,factish,factish,1,635617,factish,0
latour_1999_pandora_en,latour,factish,factishes,1,643580,Factishes,0
latour_1999_pandora_en,latour,factish,factishes,1,664373,FACTISHES,0
latour_1999_pandora_en,latour,factish,factish,1,665051,factish,0
latour_1999_pandora_en,latour,factish,factishes,1,665886,factishes,0
latour_1999_pandora_en,latour,factish,factish,1,665913,factish,0
latour_1999_pandora_en,latour,factish,factish,1,667316,factish,0
latour_1999_pandora_en,latour,factish,factish,1,667588,factish,0
latour_1999_pandora_en,latour,factish,factish,1,667937,factish,0
latour_1999_pandora_en,latour,factish,factish,1,670225,factish,0
latour_1999_pandora_en,latour,factish,factishes,1,671499,factishes,0
latour_1999_pandora_en,latour,factish,factishes,1,671822,factishes,0
latour_1999_pandora_en,latour,factish,factishes,1,672087,factishes,0
latour_1999_pandora_en,latour,factish,factishes,1,672792,factishes,0
latour_1999_pandora_en,latour,factish,factishes,1,673429,factishes,0
latour_1999_pandora_en,latour,factish,factishes,1,674716,factishes,0
latour_1999_pandora_en,latour,factish,factishes,1,674924,factishes,0
latour_1999_pandora_en,latour,factish,factishes,1,675446,factishes,0
latour_1999_pandora_en,latour,factish,factishes,1,676154,factishes,0
latour_1999_pandora_en,latour,factish,factishes,1,680857,factishes,0
latour_1999_pandora_en,latour,factish,factishes,1,681294,factishes,0
latour_1999_pandora_en,latour,factish,factish,1,682707,factish,0
latour_1999_pandora_en,latour,factish,factishes,1,688733,Factishes,0
latour_1999_pandora_en,latour,factish,factishes,1,690333,factishes,0
latour_1999_pandora_en,latour,factish,factishes,1,690944,factishes,0
latour_1999_pandora_en,latour,factish,factish,1,691734,factish,0
latour_1999_pandora_en,latour,factish,factishes,1,692166,factishes,0
latour_1999_pandora_en,latour,factish,factish,1,695534,factish,0
latour_1999_pandora_en,latour,factish,factishes,1,698256,factishes,0
latour_1999_pandora_en,latour,factish,factishes,1,700601,factishes,0
latour_1999_pandora_en,latour,factish,factish,1,700714,factish,0
latour_1999_pandora_en,latour,factish,factishes,1,701513,factishes,0
latour_1999_pandora_en,latour,factish,factishes,1,701724,factishes,0
latour_1999_pandora_en,latour,factish,factish,1,701945,factish,0
latour_1999_pandora_en,latour,factish,factishes,1,702617,factishes,0
latour_1999_pandora_en,latour,factish,factish,1,703381,factish,0
latour_1999_pandora_en,latour,factish,factishes,1,708074,factishes,0
latour_1999_pandora_en,latour,factish,factishes,1,708396,factishes,0
latour_1999_pandora_en,latour,factish,factish,1,710320,factish,0
latour_1999_pandora_en,latour,factish,factishes,1,711250,factishes,0
latour_1999_pandora_en,latour,factish,factishes,1,715773,factishes,0
latour_1999_pandora_en,latour,factish,factishes,1,718101,factishes,0
latour_1999_pandora_en,latour,factish,factishes,1,728397,factishes,0
latour_1999_pandora_en,latour,factish,factish,1,740398,FACTISH,0
latour_1999_pandora_en,latour,factish,factishes,1,740580,Factishes,0
latour_1999_pandora_en,latour,factish,factish,1,741054,factish,0
latour_1999_pandora_en,latour,factish,factishes,1,772620,Factishes,0
latour_1999_pandora_en,latour,circulating_reference,circulating reference,1,4658,Circulating Reference,0
latour_1999_pandora_en,latour,circulating_reference,circulating reference,1,65143,Circulating Reference,0
latour_1999_pandora_en,latour,circulating_reference,circulating reference,1,117194,circulating reference,0
latour_1999_pandora_en,latour,circulating_reference,circulating reference,1,157970,circulating reference,0
latour_1999_pandora_en,latour,circulating_reference,circulating reference,1,159548,Circulating reference,0
latour_1999_pandora_en,latour,circulating_reference,circulating reference,1,160497,circulating reference,0
latour_1999_pandora_en,latour,circulating_reference,circulating references,1,190611,circulating references,0
latour_1999_pandora_en,latour,circulating_reference,circulating reference,1,204740,circulating reference,0
latour_1999_pandora_en,latour,circulating_reference,circulating references,1,216334,circulating references,0
latour_1999_pandora_en,latour,circulating_reference,circulating reference,1,280432,circulating reference,0
latour_1999_pandora_en,latour,circulating_reference,circulating reference,1,319873,circulating reference,0
latour_1999_pandora_en,latour,circulating_reference,circulating reference,1,349861,circulating reference,0
latour_1999_pandora_en,latour,circulating_reference,circulating reference,1,363413,circulating reference,0
latour_1999_pandora_en,latour,circulating_reference,circulating reference,1,597182,circulating reference,0
latour_1999_pandora_en,latour,circulating_reference,circulating reference,1,721780,circulating reference,0
latour_1999_pandora_en,latour,circulating_reference,circulating reference,1,735314,CIRCULATING REFERENCE,0
latour_1999_pandora_en,latour,circulating_reference,circulating reference,1,742141,circulating reference,0
latour_1999_pandora_en,latour,circulating_reference,circulating reference,1,771802,Circulating reference,0
latour_1999_pandora_en,latour,articulation,articulations,1,63655,articulations,0
latour_1999_pandora_en,latour,articulation,articulation,1,308135,Articulation,0
latour_1999_pandora_en,latour,articulation,articulation,1,326678,Articulation,0
latour_1999_pandora_en,latour,articulation,articulated,1,331457,articulated,0
latour_1999_pandora_en,latour,articulation,articulation,1,331726,articulation,0
latour_1999_pandora_en,latour,articulation,articulation,1,332141,articulation,0
latour_1999_pandora_en,latour,articulation,articulate,1,333634,articulate,0
latour_1999_pandora_en,latour,articulation,articulation,1,334001,articulation,0
latour_1999_pandora_en,latour,articulation,articulate,1,335413,articulate,0
latour_1999_pandora_en,latour,articulation,articulate,1,335819,articulate,0
latour_1999_pandora_en,latour,articulation,articulated,1,336007,articulated,0
latour_1999_pandora_en,latour,articulation,articulated,1,336802,articulated,0
latour_1999_pandora_en,latour,articulation,articulation,1,336847,Articulation,0
latour_1999_pandora_en,latour,articulation,articulated,1,336974,articulated,0
latour_1999_pandora_en,latour,articulation,articulated,1,337135,articulated,0
latour_1999_pandora_en,latour,articulation,articulate,1,337889,articulate,0
latour_1999_pandora_en,latour,articulation,articulation,1,340604,articulation,0
latour_1999_pandora_en,latour,articulation,articulation,1,341872,articulation,0
latour_1999_pandora_en,latour,articulation,articulation,1,342127,articulation,0
latour_1999_pandora_en,latour,articulation,articulated,1,347611,articulated,0
latour_1999_pandora_en,latour,articulation,articulated,1,347888,articulated,0
latour_1999_pandora_en,latour,articulation,articulate,1,351406,articulate,0
latour_1999_pandora_en,latour,articulation,articulated,1,353962,Articulated,0
latour_1999_pandora_en,latour,articulation,articulated,1,359853,articulated,0
latour_1999_pandora_en,latour,articulation,articulations,1,371401,articulations,0
latour_1999_pandora_en,latour,articulation,articulation,1,381253,articulation,0
latour_1999_pandora_en,latour,articulation,articulation,1,400442,articulation,0
latour_1999_pandora_en,latour,articulation,articulated,1,425518,articulated,0
latour_1999_pandora_en,latour,articulation,articulation,1,431649,articulation,0
latour_1999_pandora_en,latour,articulation,articulation,1,439196,articulation,0
latour_1999_pandora_en,latour,articulation,articulation,1,441063,articulation,0
latour_1999_pandora_en,latour,articulation,articulation,1,442420,articulation,0
latour_1999_pandora_en,latour,articulation,articulation,1,443615,ARTICULATION,0
latour_1999_pandora_en,latour,articulation,articulation,1,451456,articulation,0
latour_1999_pandora_en,latour,articulation,articulation,1,458559,articulation,0
latour_1999_pandora_en,latour,articulation,articulate,1,460831,articulate,0
latour_1999_pandora_en,latour,articulation,articulated,1,498506,articulated,0
latour_1999_pandora_en,latour,articulation,articulated,1,505000,articulated,0
latour_1999_pandora_en,latour,articulation,articulation,1,506988,articulation,0
latour_1999_pandora_en,latour,articulation,articulation,1,510199,articulation,0
latour_1999_pandora_en,latour,articulation,articulation,1,718452,articulation,0
latour_1999_pandora_en,latour,articulation,articulated,1,720242,articulated,0
latour_1999_pandora_en,latour,articulation,articulation,1,722433,articulation,0
latour_1999_pandora_en,latour,articulation,articulation,1,733029,ARTICULATION,0
latour_1999_pandora_en,latour,articulation,articulation,1,733193,Articulation,0
latour_1999_pandora_en,latour,articulation,articulated,1,733421,articulated,0
latour_1999_pandora_en,latour,articulation,articulation,1,736923,articulation,0
latour_1999_pandora_en,latour,articulation,articulations,1,741870,articulations,0
latour_1999_pandora_en,latour,articulation,articulation,1,742269,articulation,0
latour_1999_pandora_en,latour,articulation,articulation,1,754603,articulation,0
latour_1999_pandora_en,latour,articulation,articulation,1,766299,Articulation,0
latour_1999_pandora_en,latour,articulation,articulation,1,769029,articulation,0
latour_1999_pandora_en,latour,articulation,articulation,1,786665,articulation,0
latour_1999_pandora_en,latour,construction,construction,1,25230,construction,0
latour_1999_pandora_en,latour,construction,construction,1,45955,construction,0
latour_1999_pandora_en,latour,construction,construction,1,59657,construction,0
latour_1999_pandora_en,latour,construction,social construction,1,61317,social construction,0
latour_1999_pandora_en,latour,construction,social construction,1,63018,social construction,0
latour_1999_pandora_en,latour,construction,construction,1,146995,construction,0
latour_1999_pandora_en,latour,construction,constructed,1,147090,constructed,0
latour_1999_pandora_en,latour,construction,constructing,1,165888,Constructing,0
latour_1999_pandora_en,latour,construction,constructing,1,168398,constructing,0
latour_1999_pandora_en,latour,construction,constructed,1,169896,constructed,0
latour_1999_pandora_en,latour,construction,construction,1,176514,construction,0
latour_1999_pandora_en,latour,construction,construction,1,179618,construction,0
latour_1999_pandora_en,latour,construction,social construction,1,181931,social construction,0
latour_1999_pandora_en,latour,construction,construction,1,259069,construction,0
latour_1999_pandora_en,latour,construction,construction,1,259202,construction,0
latour_1999_pandora_en,latour,construction,construction,1,260058,construction,0
latour_1999_pandora_en,latour,construction,construction,1,260269,construction,0
latour_1999_pandora_en,latour,construction,constructed,1,260595,constructed,0
latour_1999_pandora_en,latour,construction,constructing,1,262264,constructing,0
latour_1999_pandora_en,latour,construction,construction,1,284666,construction,0
latour_1999_pandora_en,latour,construction,construction,1,287767,construction,0
latour_1999_pandora_en,latour,construction,construction,1,292313,construction,0
latour_1999_pandora_en,latour,construction,constructed,1,299948,constructed,0
latour_1999_pandora_en,latour,construction,construction,1,305036,construction,0
latour_1999_pandora_en,latour,construction,constructed,1,321164,constructed,0
latour_1999_pandora_en,latour,construction,construction,1,324711,construction,0
latour_1999_pandora_en,latour,construction,construction,1,358484,construction,0
latour_1999_pandora_en,latour,construction,construction,1,398336,construction,0
latour_1999_pandora_en,latour,construction,construction,1,398385,construction,0
latour_1999_pandora_en,latour,construction,construction,1,410502,construction,0
latour_1999_pandora_en,latour,construction,construction,1,438239,construction,0
latour_1999_pandora_en,latour,construction,constructed,1,467910,constructed,0
latour_1999_pandora_en,latour,construction,constructed,1,469822,constructed,0
latour_1999_pandora_en,latour,construction,constructed,1,469853,constructed,0
latour_1999_pandora_en,latour,construction,social construction,1,470513,social construction,0
latour_1999_pandora_en,latour,construction,social construction,1,470712,social construction,0
latour_1999_pandora_en,latour,construction,constructed,1,496255,constructed,0
latour_1999_pandora_en,latour,construction,constructed,1,496887,constructed,0
latour_1999_pandora_en,latour,construction,constructed,1,498093,constructed,0
latour_1999_pandora_en,latour,construction,constructed,1,515517,constructed,0
latour_1999_pandora_en,latour,construction,social construction,1,532001,social construction,0
latour_1999_pandora_en,latour,construction,social construction,1,533582,social construction,0
latour_1999_pandora_en,latour,construction,construction,1,574208,construction,0
latour_1999_pandora_en,latour,construction,construction,1,644734,construction,0
latour_1999_pandora_en,latour,construction,constructed,1,647852,constructed,0
latour_1999_pandora_en,latour,construction,construction,1,648001,construction,0
latour_1999_pandora_en,latour,construction,constructed,1,666444,constructed,0
latour_1999_pandora_en,latour,construction,social construction,1,666899,social construction,0
latour_1999_pandora_en,latour,construction,constructed,1,667654,constructed,0
latour_1999_pandora_en,latour,construction,construction,1,667859,construction,0
latour_1999_pandora_en,latour,construction,construction,1,674692,construction,0
latour_1999_pandora_en,latour,construction,construction,1,675486,construction,0
latour_1999_pandora_en,latour,construction,construction,1,675726,construction,0
latour_1999_pandora_en,latour,construction,constructed,1,684353,constructed,0
latour_1999_pandora_en,latour,construction,construction,1,685008,construction,0
latour_1999_pandora_en,latour,construction,social construction,1,685043,social construction,0
latour_1999_pandora_en,latour,construction,construction,1,686852,construction,0
latour_1999_pandora_en,latour,construction,construction,1,700815,construction,0
latour_1999_pandora_en,latour,construction,constructed,1,712895,constructed,0
latour_1999_pandora_en,latour,construction,constructed,1,729173,constructed,0
latour_1999_pandora_en,latour,construction,construction,1,734378,construction,0
latour_1999_pandora_en,latour,construction,construction,1,770065,Construction,0
latour_1999_pandora_en,latour,proposition,proposition,1,308152,Proposition,0
latour_1999_pandora_en,latour,proposition,propositions,1,329215,propositions,0
latour_1999_pandora_en,latour,proposition,propositions,1,329259,Propositions,0
latour_1999_pandora_en,latour,proposition,propositions,1,329443,propositions,0
latour_1999_pandora_en,latour,proposition,propositions,1,331322,propositions,0
latour_1999_pandora_en,latour,proposition,propositions,1,331440,propositions,0
latour_1999_pandora_en,latour,proposition,propositions,1,331638,propositions,0
latour_1999_pandora_en,latour,proposition,propositions,1,332033,propositions,0
latour_1999_pandora_en,latour,proposition,propositions,1,333673,propositions,0
latour_1999_pandora_en,latour,proposition,propositions,1,333809,propositions,0
latour_1999_pandora_en,latour,proposition,propositions,1,334449,Propositions,0
latour_1999_pandora_en,latour,proposition,proposition,1,335886,proposition,0
latour_1999_pandora_en,latour,proposition,propositions,1,336869,propositions,0
latour_1999_pandora_en,latour,proposition,propositions,1,336933,propositions,0
latour_1999_pandora_en,latour,proposition,propositions,1,337147,propositions,0
latour_1999_pandora_en,latour,proposition,proposition,1,340588,proposition,0
latour_1999_pandora_en,latour,proposition,propositions,1,341418,Propositions,0
latour_1999_pandora_en,latour,proposition,proposition,1,341855,proposition,0
latour_1999_pandora_en,latour,proposition,propositions,1,344617,propositions,0
latour_1999_pandora_en,latour,proposition,propositions,1,346338,propositions,0
latour_1999_pandora_en,latour,proposition,propositions,1,347640,propositions,0
latour_1999_pandora_en,latour,proposition,propositions,1,351343,propositions,0
latour_1999_pandora_en,latour,proposition,propositions,1,357798,Propositions,0
latour_1999_pandora_en,latour,proposition,propositions,1,358981,Propositions,0
latour_1999_pandora_en,latour,proposition,propositions,1,359865,propositions,0
latour_1999_pandora_en,latour,proposition,propositions,1,365956,propositions,0
latour_1999_pandora_en,latour,proposition,propositions,1,367500,propositions,0
latour_1999_pandora_en,latour,proposition,propositions,1,371384,propositions,0
latour_1999_pandora_en,latour,proposition,proposition,1,398249,proposition,0
latour_1999_pandora_en,latour,proposition,propositions,1,405666,propositions,0
latour_1999_pandora_en,latour,proposition,propositions,1,425501,propositions,0
latour_1999_pandora_en,latour,proposition,proposition,1,425552,proposition,0
latour_1999_pandora_en,latour,proposition,propositions,1,694204,propositions,0
latour_1999_pandora_en,latour,proposition,propositions,1,701224,propositions,0
latour_1999_pandora_en,latour,proposition,propositions,1,733398,propositions,0
latour_1999_pandora_en,latour,proposition,proposition,1,747386,proposition,0
latour_1999_pandora_en,latour,proposition,proposition,1,749224,PROPOSITION,0
latour_1999_pandora_en,latour,proposition,propositions,1,750063,propositions,0
latour_1999_pandora_en,latour,proposition,propositions,1,754215,propositions,0
latour_1999_pandora_en,latour,proposition,propositions,1,766510,propositions,0
latour_1999_pandora_en,latour,proposition,propositions,1,786540,Propositions,0
latour_1999_pandora_en,latour,network,networks,1,12353,networks,0
latour_1999_pandora_en,latour,network,networks,1,58783,networks,0
latour_1999_pandora_en,latour,network,networks,1,63709,networks,0
latour_1999_pandora_en,latour,network,network,1,102582,network,0
latour_1999_pandora_en,latour,network,network,1,105397,network,0
latour_1999_pandora_en,latour,network,network,1,165974,network,0
latour_1999_pandora_en,latour,network,network,1,166122,network,0
latour_1999_pandora_en,latour,network,network,1,168245,network,0
latour_1999_pandora_en,latour,network,network,1,168380,network,0
latour_1999_pandora_en,latour,network,network,1,383692,network,0
latour_1999_pandora_en,latour,network,networks,1,391569,networks,0
latour_1999_pandora_en,latour,network,networks,1,391849,networks,0
latour_1999_pandora_en,latour,network,networks,1,392385,networks,0
latour_1999_pandora_en,latour,network,networks,1,395071,networks,0
latour_1999_pandora_en,latour,network,networks,1,397612,networks,0
latour_1999_pandora_en,latour,network,networks,1,403610,networks,0
latour_1999_pandora_en,latour,network,network,1,426560,network,0
latour_1999_pandora_en,latour,network,networks,1,470165,networks,0
latour_1999_pandora_en,latour,network,network,1,483773,network,0
latour_1999_pandora_en,latour,network,networks,1,484218,networks,0
latour_1999_pandora_en,latour,network,networks,1,484821,Networks,0
latour_1999_pandora_en,latour,network,networks,1,485189,networks,0
latour_1999_pandora_en,latour,network,networks,1,485908,networks,0
latour_1999_pandora_en,latour,network,networks,1,486339,networks,0
latour_1999_pandora_en,latour,network,networks,1,486468,networks,0
latour_1999_pandora_en,latour,network,networks,1,487152,Networks,0
latour_1999_pandora_en,latour,network,networks,1,488026,networks,0
latour_1999_pandora_en,latour,network,networks,1,489241,networks,0
latour_1999_pandora_en,latour,network,networks,1,507713,Networks,0
latour_1999_pandora_en,latour,network,network,1,663203,network,0
latour_1999_pandora_en,latour,network,networks,1,691090,networks,0
latour_1999_pandora_en,latour,network,networks,1,707519,networks,0
latour_1999_pandora_en,latour,network,network,1,739627,network,0
latour_1999_pandora_en,latour,network,networks,1,759843,Networks,0
latour_1999_pandora_en,latour,network,networks,1,783636,Networks,0
latour_1999_pandora_en,latour,enrollment,enroll,1,45072,enroll,0
latour_1999_pandora_en,latour,enrollment,enrolled,1,232911,enrolled,0
latour_1999_pandora_en,latour,enrollment,enrolled,1,437161,enrolled,0
latour_1999_pandora_en,latour,enrollment,enrollment,1,461048,enrollment,0
latour_1999_pandora_en,latour,enrollment,enrollment,1,461460,enrollment,0
latour_1999_pandora_en,latour,enrollment,enrollment,1,462283,enrollment,0
latour_1999_pandora_en,latour,enrollment,enrollment,1,462571,Enrollment,0
latour_1999_pandora_en,latour,enrollment,enrollment,1,466260,enrollment,0
latour_1999_pandora_en,latour,enrollment,enrolled,1,493112,enrolled,0
latour_1999_pandora_en,latour,enrollment,enroll,1,495312,enroll,0
latour_1999_pandora_en,latour,enrollment,enrolled,1,499810,enrolled,0
latour_1999_pandora_en,latour,enrollment,enrollment,1,774650,Enrollment,0
latour_1999_pandora_en,latour,militar,wars,1,4648,Wars,0
latour_1999_pandora_en,latour,militar,wars,1,5216,Wars,0
latour_1999_pandora_en,latour,militar,wars,1,6292,Wars,0
latour_1999_pandora_en,latour,militar,attacking,1,9134,attacking,0
latour_1999_pandora_en,latour,militar,battlefield,1,10053,battlefield,0
latour_1999_pandora_en,latour,militar,ally,1,11405,ally,0
latour_1999_pandora_en,latour,militar,warfare,1,11914,warfare,0
latour_1999_pandora_en,latour,militar,attacked,1,12012,attacked,0
latour_1999_pandora_en,latour,militar,wars,1,43524,wars,0
latour_1999_pandora_en,latour,militar,war,1,43544,war,0
latour_1999_pandora_en,latour,militar,war,1,48617,war,0
latour_1999_pandora_en,latour,militar,enemy,1,48678,enemy,0
latour_1999_pandora_en,latour,militar,soldiers,1,48991,soldiers,0
latour_1999_pandora_en,latour,militar,war,1,49044,war,0
latour_1999_pandora_en,latour,militar,wars,1,53265,wars,0
latour_1999_pandora_en,latour,militar,battle,1,53444,battle,0
latour_1999_pandora_en,latour,militar,war,1,54333,war,0
latour_1999_pandora_en,latour,militar,weapon,1,55759,weapon,0
latour_1999_pandora_en,latour,militar,war,1,55789,war,0
latour_1999_pandora_en,latour,militar,war,1,57719,war,0
latour_1999_pandora_en,latour,militar,wars,1,63887,wars,0
latour_1999_pandora_en,latour,militar,mobilizing,1,123286,Mobilizing,0
latour_1999_pandora_en,latour,militar,defeat,1,128294,defeat,0
latour_1999_pandora_en,latour,militar,war,1,173463,War,0
latour_1999_pandora_en,latour,militar,war,1,175053,War,0
latour_1999_pandora_en,latour,militar,defeat,1,178980,defeat,0
latour_1999_pandora_en,latour,militar,war,1,179006,War,0
latour_1999_pandora_en,latour,militar,war,1,180133,war,0
latour_1999_pandora_en,latour,militar,war,1,182299,war,0
latour_1999_pandora_en,latour,militar,attack,1,185052,attack,0
latour_1999_pandora_en,latour,militar,war,1,185771,war,0
latour_1999_pandora_en,latour,militar,mobilize,1,187607,mobilize,0
latour_1999_pandora_en,latour,militar,war,1,192276,war,0
latour_1999_pandora_en,latour,militar,war,1,192723,war,0
latour_1999_pandora_en,latour,militar,defeat,1,193511,defeat,0
latour_1999_pandora_en,latour,militar,mobilized,1,195572,mobilized,0
latour_1999_pandora_en,latour,militar,mobilize,1,204358,mobilize,0
latour_1999_pandora_en,latour,militar,war,1,204438,war,0
latour_1999_pandora_en,latour,militar,weapons,1,212014,weapons,0
latour_1999_pandora_en,latour,militar,mobilize,1,213668,mobilize,0
latour_1999_pandora_en,latour,militar,war,1,214015,war,0
latour_1999_pandora_en,latour,militar,mobilizing,1,214096,mobilizing,0
latour_1999_pandora_en,latour,militar,mobilizing,1,214115,mobilizing,0
latour_1999_pandora_en,latour,militar,mobilize,1,218512,mobilize,0
latour_1999_pandora_en,latour,militar,mobilized,1,219771,mobilized,0
latour_1999_pandora_en,latour,militar,mobilize,1,220983,mobilize,0
latour_1999_pandora_en,latour,militar,allies,1,222741,allies,0
latour_1999_pandora_en,latour,militar,mobilization,1,223192,Mobilization,0
latour_1999_pandora_en,latour,militar,mobilization,1,223269,mobilization,0
latour_1999_pandora_en,latour,militar,alliances,1,223613,Alliances,0
latour_1999_pandora_en,latour,militar,mobilization,1,224040,Mobilization,0
latour_1999_pandora_en,latour,militar,war,1,224847,War,0
latour_1999_pandora_en,latour,militar,mobilization,1,225338,mobilization,0
latour_1999_pandora_en,latour,militar,mobilized,1,226735,mobilized,0
latour_1999_pandora_en,latour,militar,mobilization,1,228247,mobilization,0
latour_1999_pandora_en,latour,militar,soldiers,1,229220,soldiers,0
latour_1999_pandora_en,latour,militar,alliances,1,232677,Alliances,0
latour_1999_pandora_en,latour,militar,alliances,1,232829,alliances,0
latour_1999_pandora_en,latour,militar,mobilized,1,233471,mobilized,0
latour_1999_pandora_en,latour,militar,alliances,1,234055,alliances,0
latour_1999_pandora_en,latour,militar,alliances,1,234838,alliances,0
latour_1999_pandora_en,latour,militar,alliances,1,235023,alliances,0
latour_1999_pandora_en,latour,militar,alliances,1,235446,alliances,0
latour_1999_pandora_en,latour,militar,siege,1,236793,siege,0
latour_1999_pandora_en,latour,militar,war,1,237778,War,0
latour_1999_pandora_en,latour,militar,allies,1,241542,allies,0
latour_1999_pandora_en,latour,militar,wars,1,241813,wars,0
latour_1999_pandora_en,latour,militar,defend,1,243666,defend,0
latour_1999_pandora_en,latour,militar,allies,1,244706,allies,0
latour_1999_pandora_en,latour,militar,war,1,252667,War,0
latour_1999_pandora_en,latour,militar,mobilized,1,253996,mobilized,0
latour_1999_pandora_en,latour,militar,war,1,254244,war,0
latour_1999_pandora_en,latour,militar,weapons,1,260440,weapons,0
latour_1999_pandora_en,latour,militar,battle,1,260463,battle,0
latour_1999_pandora_en,latour,militar,enemies,1,265947,enemies,0
latour_1999_pandora_en,latour,militar,defeating,1,265982,defeating,0
latour_1999_pandora_en,latour,militar,defeats,1,281864,defeats,0
latour_1999_pandora_en,latour,militar,defend,1,286670,defend,0
latour_1999_pandora_en,latour,militar,wars,1,301184,wars,0
latour_1999_pandora_en,latour,militar,war,1,311904,war,0
latour_1999_pandora_en,latour,militar,wars,1,312656,wars,0
latour_1999_pandora_en,latour,militar,war,1,342712,war,0
latour_1999_pandora_en,latour,militar,war,1,344898,war,0
latour_1999_pandora_en,latour,militar,wars,1,355758,wars,0
latour_1999_pandora_en,latour,militar,defend,1,364301,defend,0
latour_1999_pandora_en,latour,militar,enemy,1,370268,enemy,0
latour_1999_pandora_en,latour,militar,recruit,1,377371,recruit,0
latour_1999_pandora_en,latour,militar,recruited,1,382180,recruited,0
latour_1999_pandora_en,latour,militar,battle,1,384028,battle,0
latour_1999_pandora_en,latour,militar,defeated,1,393356,defeated,0
latour_1999_pandora_en,latour,militar,fortress,1,393843,fortress,0
latour_1999_pandora_en,latour,militar,victory,1,396570,victory,0
latour_1999_pandora_en,latour,militar,victory,1,396943,victory,0
latour_1999_pandora_en,latour,militar,victory,1,397026,victory,0
latour_1999_pandora_en,latour,militar,victory,1,397197,victory,0
latour_1999_pandora_en,latour,militar,wars,1,397843,wars,0
latour_1999_pandora_en,latour,militar,war,1,401594,War,0
latour_1999_pandora_en,latour,militar,war,1,413894,war,0
latour_1999_pandora_en,latour,militar,weapon,1,425079,weapon,0
latour_1999_pandora_en,latour,militar,mobilized,1,427721,mobilized,0
latour_1999_pandora_en,latour,militar,mobilized,1,437181,mobilized,0
latour_1999_pandora_en,latour,militar,mobilize,1,448574,mobilize,0
latour_1999_pandora_en,latour,militar,soldier,1,456965,soldier,0
latour_1999_pandora_en,latour,militar,mobilizing,1,457830,mobilizing,0
latour_1999_pandora_en,latour,militar,war,1,459492,war,0
latour_1999_pandora_en,latour,militar,mobilization,1,461209,mobilization,0
latour_1999_pandora_en,latour,militar,mobilization,1,462311,mobilization,0
latour_1999_pandora_en,latour,militar,mobilizes,1,463956,mobilizes,0
latour_1999_pandora_en,latour,militar,mobilization,1,464517,mobilization,0
latour_1999_pandora_en,latour,militar,mobilized,1,466779,mobilized,0
latour_1999_pandora_en,latour,militar,recruit,1,469287,recruit,0
latour_1999_pandora_en,latour,militar,recruiting,1,469773,recruiting,0
latour_1999_pandora_en,latour,militar,wars,1,470331,wars,0
latour_1999_pandora_en,latour,militar,wars,1,472097,wars,0
latour_1999_pandora_en,latour,militar,war,1,475149,war,0
latour_1999_pandora_en,latour,militar,war,1,476065,war,0
latour_1999_pandora_en,latour,militar,mobilization,1,486040,mobilization,0
latour_1999_pandora_en,latour,militar,mobilized,1,488094,mobilized,0
latour_1999_pandora_en,latour,militar,weapons,1,511939,weapons,0
latour_1999_pandora_en,latour,militar,wars,1,511967,wars,0
latour_1999_pandora_en,latour,militar,wars,1,512628,Wars,0
latour_1999_pandora_en,latour,militar,attack,1,515283,attack,0
latour_1999_pandora_en,latour,militar,warfare,1,515410,warfare,0
latour_1999_pandora_en,latour,militar,attacked,1,516008,attacked,0
latour_1999_pandora_en,latour,militar,wars,1,519009,Wars,0
latour_1999_pandora_en,latour,militar,defeated,1,520070,defeated,0
latour_1999_pandora_en,latour,militar,enemy,1,521835,enemy,0
latour_1999_pandora_en,latour,militar,war,1,526173,war,0
latour_1999_pandora_en,latour,militar,enemy,1,526541,enemy,0
latour_1999_pandora_en,latour,militar,defend,1,531372,defend,0
latour_1999_pandora_en,latour,militar,defeats,1,533209,defeats,0
latour_1999_pandora_en,latour,militar,war,1,533967,war,0
latour_1999_pandora_en,latour,militar,war,1,534033,war,0
latour_1999_pandora_en,latour,militar,defeated,1,535862,defeated,0
latour_1999_pandora_en,latour,militar,defeated,1,537297,defeated,0
latour_1999_pandora_en,latour,militar,defend,1,539806,defend,0
latour_1999_pandora_en,latour,militar,defend,1,539928,defend,0
latour_1999_pandora_en,latour,militar,defend,1,541434,defend,0
latour_1999_pandora_en,latour,militar,weapon,1,550062,weapon,0
latour_1999_pandora_en,latour,militar,weapon,1,551539,weapon,0
latour_1999_pandora_en,latour,militar,defeat,1,557517,defeat,0
latour_1999_pandora_en,latour,militar,defeat,1,559702,defeat,0
latour_1999_pandora_en,latour,militar,defend,1,559939,defend,0
latour_1999_pandora_en,latour,militar,allied,1,560954,allied,0
latour_1999_pandora_en,latour,militar,war,1,563250,war,0
latour_1999_pandora_en,latour,militar,war,1,564634,war,0
latour_1999_pandora_en,latour,militar,war,1,564670,war,0
latour_1999_pandora_en,latour,militar,war,1,564756,war,0
latour_1999_pandora_en,latour,militar,defeat,1,573073,defeat,0
latour_1999_pandora_en,latour,militar,defeated,1,575485,defeated,0
latour_1999_pandora_en,latour,militar,defending,1,591238,defending,0
latour_1999_pandora_en,latour,militar,war,1,616558,war,0
latour_1999_pandora_en,latour,militar,war,1,619653,war,0
latour_1999_pandora_en,latour,militar,wars,1,622277,Wars,0
latour_1999_pandora_en,latour,militar,weapon,1,624025,weapon,0
latour_1999_pandora_en,latour,militar,weapon,1,624260,weapon,0
latour_1999_pandora_en,latour,militar,war,1,624781,war,0
latour_1999_pandora_en,latour,militar,wars,1,624887,Wars,0
latour_1999_pandora_en,latour,militar,enemy,1,627459,enemy,0
latour_1999_pandora_en,latour,militar,battle,1,632404,battle,0
latour_1999_pandora_en,latour,militar,wars,1,632442,Wars,0
latour_1999_pandora_en,latour,militar,war,1,633363,war,0
latour_1999_pandora_en,latour,militar,victories,1,635859,victories,0
latour_1999_pandora_en,latour,militar,war,1,639834,war,0
latour_1999_pandora_en,latour,militar,war,1,642233,War,0
latour_1999_pandora_en,latour,militar,wars,1,643868,wars,0
latour_1999_pandora_en,latour,militar,war,1,645446,war,0
latour_1999_pandora_en,latour,militar,battle,1,645651,battle,0
latour_1999_pandora_en,latour,militar,attacked,1,648197,attacked,0
latour_1999_pandora_en,latour,militar,ally,1,668514,ally,0
latour_1999_pandora_en,latour,militar,enemies,1,672837,enemies,0
latour_1999_pandora_en,latour,militar,ally,1,686580,ally,0
latour_1999_pandora_en,latour,militar,weapons,1,698208,weapons,0
latour_1999_pandora_en,latour,militar,wars,1,698625,wars,0
latour_1999_pandora_en,latour,militar,attack,1,699368,attack,0
latour_1999_pandora_en,latour,militar,fortified,1,699395,fortified,0
latour_1999_pandora_en,latour,militar,ally,1,702308,ally,0
latour_1999_pandora_en,latour,militar,wars,1,703940,wars,0
latour_1999_pandora_en,latour,militar,battle,1,706091,battle,0
latour_1999_pandora_en,latour,militar,defended,1,714566,defended,0
latour_1999_pandora_en,latour,militar,wars,1,716755,wars,0
latour_1999_pandora_en,latour,militar,ally,1,717127,ally,0
latour_1999_pandora_en,latour,militar,war,1,720315,war,0
latour_1999_pandora_en,latour,militar,war,1,720936,war,0
latour_1999_pandora_en,latour,militar,war,1,720956,War,0
latour_1999_pandora_en,latour,militar,war,1,720979,War,0
latour_1999_pandora_en,latour,militar,war,1,725740,war,0
latour_1999_pandora_en,latour,militar,wars,1,727950,wars,0
latour_1999_pandora_en,latour,militar,war,1,728049,War,0
latour_1999_pandora_en,latour,militar,wars,1,728293,Wars,0
latour_1999_pandora_en,latour,militar,weapons,1,728737,weapons,0
latour_1999_pandora_en,latour,militar,war,1,728793,war,0
latour_1999_pandora_en,latour,militar,attacking,1,729018,attacking,0
latour_1999_pandora_en,latour,militar,defend,1,729082,defend,0
latour_1999_pandora_en,latour,militar,allies,1,729624,allies,0
latour_1999_pandora_en,latour,militar,wars,1,730005,wars,0
latour_1999_pandora_en,latour,militar,war,1,730423,war,0
latour_1999_pandora_en,latour,militar,war,1,730437,war,0
latour_1999_pandora_en,latour,militar,battle,1,730484,battle,0
latour_1999_pandora_en,latour,militar,defended,1,730711,defended,0
latour_1999_pandora_en,latour,militar,war,1,730839,war,0
latour_1999_pandora_en,latour,militar,defend,1,730914,defend,0
latour_1999_pandora_en,latour,militar,weapons,1,730938,weapons,0
latour_1999_pandora_en,latour,militar,weapons,1,731150,weapons,0
latour_1999_pandora_en,latour,militar,wars,1,731270,wars,0
latour_1999_pandora_en,latour,militar,wars,1,731328,wars,0
latour_1999_pandora_en,latour,militar,war,1,746634,war,0
latour_1999_pandora_en,latour,militar,war,1,746818,war,0
latour_1999_pandora_en,latour,militar,wars,1,764900,Wars,0
latour_1999_pandora_en,latour,militar,mobilization,1,781601,Mobilization,0
latour_1999_pandora_en,latour,militar,wars,1,788395,wars,0
latour_1999_pandora_en,latour,militar,war,1,792515,War,0
latour_1999_pandora_en,latour,textil,nets,1,17059,nets,0
latour_1999_pandora_en,latour,textil,net,1,17773,net,0
latour_1999_pandora_en,latour,textil,texture,1,27278,texture,0
latour_1999_pandora_en,latour,textil,threads,1,35789,threads,0
latour_1999_pandora_en,latour,textil,tied,1,35818,tied,0
latour_1999_pandora_en,latour,textil,threads,1,37141,threads,0
latour_1999_pandora_en,latour,textil,tangle,1,63827,tangle,0
latour_1999_pandora_en,latour,textil,tangle,1,93619,tangle,0
latour_1999_pandora_en,latour,textil,thread,1,100898,thread,0
latour_1999_pandora_en,latour,textil,thread,1,101031,thread,0
latour_1999_pandora_en,latour,textil,thread,1,101164,thread,0
latour_1999_pandora_en,latour,textil,ties,1,101207,ties,0
latour_1999_pandora_en,latour,textil,thread,1,101475,thread,0
latour_1999_pandora_en,latour,textil,thread,1,101596,thread,0
latour_1999_pandora_en,latour,textil,threads,1,101839,threads,0
latour_1999_pandora_en,latour,textil,tangle,1,101855,tangle,0
latour_1999_pandora_en,latour,textil,threads,1,102527,threads,0
latour_1999_pandora_en,latour,textil,twisting,1,103847,twisting,0
latour_1999_pandora_en,latour,textil,texture,1,104501,texture,0
latour_1999_pandora_en,latour,textil,texture,1,135317,texture,0
latour_1999_pandora_en,latour,textil,texture,1,138020,texture,0
latour_1999_pandora_en,latour,textil,texture,1,139784,texture,0
latour_1999_pandora_en,latour,textil,texture,1,141141,texture,0
latour_1999_pandora_en,latour,textil,textures,1,145458,textures,0
latour_1999_pandora_en,latour,textil,woven,1,148104,woven,0
latour_1999_pandora_en,latour,textil,wire,1,152762,wire,0
latour_1999_pandora_en,latour,textil,thread,1,158927,thread,0
latour_1999_pandora_en,latour,textil,wire,1,161589,wire,0
latour_1999_pandora_en,latour,textil,threads,1,172425,threads,0
latour_1999_pandora_en,latour,textil,threading,1,172568,threading,0
latour_1999_pandora_en,latour,textil,threads,1,186789,threads,0
latour_1999_pandora_en,latour,textil,knot,1,188292,knot,0
latour_1999_pandora_en,latour,textil,tie,1,188404,tie,0
latour_1999_pandora_en,latour,textil,thread,1,188891,thread,0
latour_1999_pandora_en,latour,textil,tangled,1,189391,tangled,0
latour_1999_pandora_en,latour,textil,threads,1,197158,threads,0
latour_1999_pandora_en,latour,textil,filaments,1,215994,filaments,0
latour_1999_pandora_en,latour,textil,tied,1,220541,tied,0
latour_1999_pandora_en,latour,textil,knots,1,222519,knots,0
latour_1999_pandora_en,latour,textil,knots,1,223730,knots,0
latour_1999_pandora_en,latour,textil,knots,1,224361,knots,0
latour_1999_pandora_en,latour,textil,knot,1,224431,knot,0
latour_1999_pandora_en,latour,textil,fabric,1,239621,fabric,0
latour_1999_pandora_en,latour,textil,knots,1,239745,Knots,0
latour_1999_pandora_en,latour,textil,knots,1,240313,knots,0
latour_1999_pandora_en,latour,textil,knot,1,240680,knot,0
latour_1999_pandora_en,latour,textil,net,1,240704,net,0
latour_1999_pandora_en,latour,textil,net,1,242166,net,0
latour_1999_pandora_en,latour,textil,knot,1,242180,knot,0
latour_1999_pandora_en,latour,textil,knots,1,245999,knots,0
latour_1999_pandora_en,latour,textil,tangled,1,247219,tangled,0
latour_1999_pandora_en,latour,textil,knots,1,249476,knots,0
latour_1999_pandora_en,latour,textil,strings,1,262335,strings,0
latour_1999_pandora_en,latour,textil,filaments,1,270090,filaments,0
latour_1999_pandora_en,latour,textil,tied,1,283875,tied,0
latour_1999_pandora_en,latour,textil,ties,1,284098,ties,0
latour_1999_pandora_en,latour,textil,tied,1,296041,tied,0
latour_1999_pandora_en,latour,textil,tied,1,302402,tied,0
latour_1999_pandora_en,latour,textil,threads,1,307706,threads,0
latour_1999_pandora_en,latour,textil,thread,1,321888,thread,0
latour_1999_pandora_en,latour,textil,ties,1,326998,ties,0
latour_1999_pandora_en,latour,textil,ties,1,334053,ties,0
latour_1999_pandora_en,latour,textil,rope,1,349331,rope,0
latour_1999_pandora_en,latour,textil,rope,1,349994,rope,0
latour_1999_pandora_en,latour,textil,rope,1,350536,rope,0
latour_1999_pandora_en,latour,textil,thread,1,353372,thread,0
latour_1999_pandora_en,latour,textil,ties,1,388044,ties,0
latour_1999_pandora_en,latour,textil,net,1,396424,net,0
latour_1999_pandora_en,latour,textil,net,1,396838,net,0
latour_1999_pandora_en,latour,textil,textures,1,401775,textures,0
latour_1999_pandora_en,latour,textil,thread,1,412104,thread,0
latour_1999_pandora_en,latour,textil,thread,1,412300,thread,0
latour_1999_pandora_en,latour,textil,weave,1,412410,weave,0
latour_1999_pandora_en,latour,textil,thread,1,414630,thread,0
latour_1999_pandora_en,latour,textil,weave,1,414910,weave,0
latour_1999_pandora_en,latour,textil,thread,1,414919,thread,0
latour_1999_pandora_en,latour,textil,ties,1,430873,ties,0
latour_1999_pandora_en,latour,textil,ties,1,451015,ties,0
latour_1999_pandora_en,latour,textil,thread,1,451627,thread,0
latour_1999_pandora_en,latour,textil,weaves,1,451686,weaves,0
latour_1999_pandora_en,latour,textil,fabric,1,459958,fabric,0
latour_1999_pandora_en,latour,textil,ties,1,463842,ties,0
latour_1999_pandora_en,latour,textil,woven,1,464037,woven,0
latour_1999_pandora_en,latour,textil,fabric,1,464050,fabric,0
latour_1999_pandora_en,latour,textil,fabric,1,469170,fabric,0
latour_1999_pandora_en,latour,textil,net,1,494390,net,0
latour_1999_pandora_en,latour,textil,fabric,1,497036,fabric,0
latour_1999_pandora_en,latour,textil,net,1,498801,net,0
latour_1999_pandora_en,latour,textil,net,1,501504,net,0
latour_1999_pandora_en,latour,textil,ties,1,510052,ties,0
latour_1999_pandora_en,latour,textil,strings,1,526035,strings,0
latour_1999_pandora_en,latour,textil,rope,1,563398,rope,0
latour_1999_pandora_en,latour,textil,ties,1,572004,ties,0
latour_1999_pandora_en,latour,textil,twist,1,576886,twist,0
latour_1999_pandora_en,latour,textil,rope,1,639810,rope,0
latour_1999_pandora_en,latour,textil,rope,1,640085,rope,0
latour_1999_pandora_en,latour,textil,twisted,1,646738,twisted,0
latour_1999_pandora_en,latour,textil,threadlike,1,660243,threadlike,0
latour_1999_pandora_en,latour,textil,filaments,1,663084,filaments,0
latour_1999_pandora_en,latour,textil,strings,1,668891,strings,0
latour_1999_pandora_en,latour,textil,ties,1,684095,ties,0
latour_1999_pandora_en,latour,textil,ties,1,694678,ties,0
latour_1999_pandora_en,latour,textil,fibers,1,696605,fibers,0
latour_1999_pandora_en,latour,textil,tied,1,734415,tied,0
latour_1999_pandora_en,latour,textil,knots,1,777171,Knots,0
latour_1999_pandora_en,latour,topologia,circulating,1,4658,Circulating,0
latour_1999_pandora_en,latour,topologia,flow,1,4781,Flow,0
latour_1999_pandora_en,latour,topologia,connected,1,10819,connected,0
latour_1999_pandora_en,latour,topologia,outside,1,13151,Outside,0
latour_1999_pandora_en,latour,topologia,outside,1,14036,outside,0
latour_1999_pandora_en,latour,topologia,path,1,14503,path,0
latour_1999_pandora_en,latour,topologia,inside,1,15236,inside,0
latour_1999_pandora_en,latour,topologia,outside,1,15265,outside,0
latour_1999_pandora_en,latour,topologia,connection,1,15300,connection,0
latour_1999_pandora_en,latour,topologia,connection,1,15576,connection,0
latour_1999_pandora_en,latour,topologia,outside,1,15596,outside,0
latour_1999_pandora_en,latour,topologia,path,1,16343,path,0
latour_1999_pandora_en,latour,topologia,connected,1,16682,connected,0
latour_1999_pandora_en,latour,topologia,connected,1,16987,connected,0
latour_1999_pandora_en,latour,topologia,outside,1,17294,outside,0
latour_1999_pandora_en,latour,topologia,path,1,17525,path,0
latour_1999_pandora_en,latour,topologia,outside,1,17714,outside,0
latour_1999_pandora_en,latour,topologia,grid,1,18087,grid,0
latour_1999_pandora_en,latour,topologia,inside,1,19046,inside,0
latour_1999_pandora_en,latour,topologia,outside,1,19106,outside,0
latour_1999_pandora_en,latour,topologia,outside,1,19397,outside,0
latour_1999_pandora_en,latour,topologia,path,1,19857,path,0
latour_1999_pandora_en,latour,topologia,outside,1,21746,outside,0
latour_1999_pandora_en,latour,topologia,outside,1,22320,outside,0
latour_1999_pandora_en,latour,topologia,connected,1,22843,connected,0
latour_1999_pandora_en,latour,topologia,disconnected,1,22912,disconnected,0
latour_1999_pandora_en,latour,topologia,connection,1,23525,connection,0
latour_1999_pandora_en,latour,topologia,outside,1,23545,outside,0
latour_1999_pandora_en,latour,topologia,path,1,24174,path,0
latour_1999_pandora_en,latour,topologia,connection,1,25037,connection,0
latour_1999_pandora_en,latour,topologia,outside,1,26747,outside,0
latour_1999_pandora_en,latour,topologia,outside,1,28442,outside,0
latour_1999_pandora_en,latour,topologia,inside,1,28587,inside,0
latour_1999_pandora_en,latour,topologia,inside,1,29561,inside,0
latour_1999_pandora_en,latour,topologia,path,1,30913,path,0
latour_1999_pandora_en,latour,topologia,connection,1,31233,connection,0
latour_1999_pandora_en,latour,topologia,outside,1,36002,outside,0
latour_1999_pandora_en,latour,topologia,path,1,36476,path,0
latour_1999_pandora_en,latour,topologia,disconnected,1,36804,disconnected,0
latour_1999_pandora_en,latour,topologia,connected,1,36853,connected,0
latour_1999_pandora_en,latour,topologia,outside,1,37635,outside,0
latour_1999_pandora_en,latour,topologia,outside,1,37681,outside,0
latour_1999_pandora_en,latour,topologia,outside,1,37882,outside,0
latour_1999_pandora_en,latour,topologia,inside,1,38009,inside,0
latour_1999_pandora_en,latour,topologia,disconnected,1,38111,disconnected,0
latour_1999_pandora_en,latour,topologia,outside,1,38284,outside,0
latour_1999_pandora_en,latour,topologia,outside,1,38607,outside,0
latour_1999_pandora_en,latour,topologia,disconnected,1,38762,disconnected,0
latour_1999_pandora_en,latour,topologia,outside,1,40984,outside,0
latour_1999_pandora_en,latour,topologia,trajectory,1,41343,trajectory,0
latour_1999_pandora_en,latour,topologia,outside,1,42153,outside,0
latour_1999_pandora_en,latour,topologia,path,1,43775,path,0
latour_1999_pandora_en,latour,topologia,pathway,1,44084,pathway,0
latour_1999_pandora_en,latour,topologia,folding,1,44870,folding,0
latour_1999_pandora_en,latour,topologia,outside,1,45847,outside,0
latour_1999_pandora_en,latour,topologia,outside,1,47223,outside,0
latour_1999_pandora_en,latour,topologia,connections,1,47797,connections,0
latour_1999_pandora_en,latour,topologia,outside,1,49176,outside,0
latour_1999_pandora_en,latour,topologia,connected,1,51256,connected,0
latour_1999_pandora_en,latour,topologia,connection,1,54737,connection,0
latour_1999_pandora_en,latour,topologia,connected,1,55170,connected,0
latour_1999_pandora_en,latour,topologia,connected,1,55541,connected,0
latour_1999_pandora_en,latour,topologia,path,1,58958,path,0
latour_1999_pandora_en,latour,topologia,inside,1,59198,inside,0
latour_1999_pandora_en,latour,topologia,disconnected,1,59927,disconnected,0
latour_1999_pandora_en,latour,topologia,path,1,60358,path,0
latour_1999_pandora_en,latour,topologia,inside,1,60897,inside,0
latour_1999_pandora_en,latour,topologia,circulating,1,65143,Circulating,0
latour_1999_pandora_en,latour,topologia,boundary,1,67542,boundary,0
latour_1999_pandora_en,latour,topologia,scale,1,74342,scale,0
latour_1999_pandora_en,latour,topologia,scale,1,74708,scale,0
latour_1999_pandora_en,latour,topologia,planes,1,75506,planes,0
latour_1999_pandora_en,latour,topologia,grid,1,81617,grid,0
latour_1999_pandora_en,latour,topologia,grid,1,82350,grid,0
latour_1999_pandora_en,latour,topologia,paths,1,82750,paths,0
latour_1999_pandora_en,latour,topologia,outside,1,83012,outside,0
latour_1999_pandora_en,latour,topologia,inside,1,83061,inside,0
latour_1999_pandora_en,latour,topologia,flat,1,90094,flat,0
latour_1999_pandora_en,latour,topologia,pathway,1,95085,pathway,0
latour_1999_pandora_en,latour,topologia,inside,1,95598,inside,0
latour_1999_pandora_en,latour,topologia,surface,1,99528,surface,0
latour_1999_pandora_en,latour,topologia,path,1,101356,path,0
latour_1999_pandora_en,latour,topologia,circulation,1,105359,circulation,0
latour_1999_pandora_en,latour,topologia,grid,1,106357,grid,0
latour_1999_pandora_en,latour,topologia,inside,1,112540,inside,0
latour_1999_pandora_en,latour,topologia,flat,1,116559,flat,0
latour_1999_pandora_en,latour,topologia,surface,1,116564,surface,0
latour_1999_pandora_en,latour,topologia,circulating,1,117194,circulating,0
latour_1999_pandora_en,latour,topologia,grid,1,118906,grid,0
latour_1999_pandora_en,latour,topologia,outside,1,128899,outside,0
latour_1999_pandora_en,latour,topologia,surface,1,133353,surface,0
latour_1999_pandora_en,latour,topologia,surface,1,133409,surface,0
latour_1999_pandora_en,latour,topologia,flat,1,135337,flat,0
latour_1999_pandora_en,latour,topologia,pathway,1,136209,pathway,0
latour_1999_pandora_en,latour,topologia,boundary,1,140636,boundary,0
latour_1999_pandora_en,latour,topologia,surface,1,141200,surface,0
latour_1999_pandora_en,latour,topologia,surface,1,145257,surface,0
latour_1999_pandora_en,latour,topologia,circulation,1,155379,circulation,0
latour_1999_pandora_en,latour,topologia,inside,1,155442,inside,0
latour_1999_pandora_en,latour,topologia,circulation,1,156031,Circulation,0
latour_1999_pandora_en,latour,topologia,circulating,1,157970,circulating,0
latour_1999_pandora_en,latour,topologia,circulating,1,159548,Circulating,0
latour_1999_pandora_en,latour,topologia,circulating,1,160497,circulating,0
latour_1999_pandora_en,latour,topologia,connection,1,160604,connection,0
latour_1999_pandora_en,latour,topologia,flows,1,163597,flows,0
latour_1999_pandora_en,latour,topologia,path,1,163833,path,0
latour_1999_pandora_en,latour,topologia,plane,1,165560,plane,0
latour_1999_pandora_en,latour,topologia,circulate,1,167494,circulate,0
latour_1999_pandora_en,latour,topologia,flow,1,170890,Flow,0
latour_1999_pandora_en,latour,topologia,connections,1,171089,connections,0
latour_1999_pandora_en,latour,topologia,circulate,1,171494,circulate,0
latour_1999_pandora_en,latour,topologia,disconnected,1,171736,disconnected,0
latour_1999_pandora_en,latour,topologia,flow,1,172772,FLOW,0
latour_1999_pandora_en,latour,topologia,flow,1,177938,FLOW,0
latour_1999_pandora_en,latour,topologia,scale,1,178724,scale,0
latour_1999_pandora_en,latour,topologia,outside,1,181677,outside,0
latour_1999_pandora_en,latour,topologia,disconnected,1,181807,disconnected,0
latour_1999_pandora_en,latour,topologia,flow,1,182902,FLOW,0
latour_1999_pandora_en,latour,topologia,plane,1,185444,plane,0
latour_1999_pandora_en,latour,topologia,paths,1,186623,paths,0
latour_1999_pandora_en,latour,topologia,connection,1,187961,connection,0
latour_1999_pandora_en,latour,topologia,connection,1,188032,connection,0
latour_1999_pandora_en,latour,topologia,flow,1,188196,FLOW,0
latour_1999_pandora_en,latour,topologia,connection,1,188227,connection,0
latour_1999_pandora_en,latour,topologia,connection,1,189217,connection,0
latour_1999_pandora_en,latour,topologia,connections,1,189338,connections,0
latour_1999_pandora_en,latour,topologia,circulating,1,190611,circulating,0
latour_1999_pandora_en,latour,topologia,connections,1,192222,connections,0
latour_1999_pandora_en,latour,topologia,flow,1,193643,FLOW,0
latour_1999_pandora_en,latour,topologia,flow,1,196853,flow,0
latour_1999_pandora_en,latour,topologia,connections,1,197421,connections,0
latour_1999_pandora_en,latour,topologia,connections,1,197536,connections,0
latour_1999_pandora_en,latour,topologia,flow,1,198673,FLOW,0
latour_1999_pandora_en,latour,topologia,connections,1,198839,connections,0
latour_1999_pandora_en,latour,topologia,surface,1,199657,surface,0
latour_1999_pandora_en,latour,topologia,inside,1,200391,inside,0
latour_1999_pandora_en,latour,topologia,connection,1,204167,connection,0
latour_1999_pandora_en,latour,topologia,connection,1,204270,connection,0
latour_1999_pandora_en,latour,topologia,circulating,1,204740,circulating,0
latour_1999_pandora_en,latour,topologia,boundary,1,204832,boundary,0
latour_1999_pandora_en,latour,topologia,boundary,1,204938,boundary,0
latour_1999_pandora_en,latour,topologia,flow,1,205046,FLOW,0
latour_1999_pandora_en,latour,topologia,flow,1,210519,FLOW,0
latour_1999_pandora_en,latour,topologia,inside,1,213718,inside,0
latour_1999_pandora_en,latour,topologia,flow,1,215784,FLOW,0
latour_1999_pandora_en,latour,topologia,connections,1,216285,connections,0
latour_1999_pandora_en,latour,topologia,circulating,1,216334,circulating,0
latour_1999_pandora_en,latour,topologia,disconnected,1,216992,disconnected,0
latour_1999_pandora_en,latour,topologia,connected,1,217060,connected,0
latour_1999_pandora_en,latour,topologia,connections,1,217325,connections,0
latour_1999_pandora_en,latour,topologia,flows,1,217574,flows,0
latour_1999_pandora_en,latour,topologia,connected,1,217972,connected,0
latour_1999_pandora_en,latour,topologia,flow,1,220929,FLOW,0
latour_1999_pandora_en,latour,topologia,nodes,1,221276,nodes,0
latour_1999_pandora_en,latour,topologia,pathways,1,221287,pathways,0
latour_1999_pandora_en,latour,topologia,flows,1,221785,flows,0
latour_1999_pandora_en,latour,topologia,circulation,1,223134,circulation,0
latour_1999_pandora_en,latour,topologia,flow,1,225569,FLOW,0
latour_1999_pandora_en,latour,topologia,flow,1,230666,FLOW,0
latour_1999_pandora_en,latour,topologia,flow,1,232018,flow,0
latour_1999_pandora_en,latour,topologia,flow,1,232470,flow,0
latour_1999_pandora_en,latour,topologia,circulation,1,232588,circulation,0
latour_1999_pandora_en,latour,topologia,scale,1,233519,scale,0
latour_1999_pandora_en,latour,topologia,flow,1,234872,flow,0
latour_1999_pandora_en,latour,topologia,flow,1,234933,flow,0
latour_1999_pandora_en,latour,topologia,connection,1,235155,connection,0
latour_1999_pandora_en,latour,topologia,flow,1,235789,FLOW,0
latour_1999_pandora_en,latour,topologia,outside,1,236891,outside,0
latour_1999_pandora_en,latour,topologia,outside,1,237164,outside,0
latour_1999_pandora_en,latour,topologia,outside,1,237189,outside,0
latour_1999_pandora_en,latour,topologia,flow,1,239378,flow,0
latour_1999_pandora_en,latour,topologia,inside,1,240619,inside,0
latour_1999_pandora_en,latour,topologia,flow,1,240920,FLOW,0
latour_1999_pandora_en,latour,topologia,flow,1,241215,flow,0
latour_1999_pandora_en,latour,topologia,pathways,1,242196,pathways,0
latour_1999_pandora_en,latour,topologia,circulating,1,242304,circulating,0
latour_1999_pandora_en,latour,topologia,circulation,1,243636,circulation,0
latour_1999_pandora_en,latour,topologia,connected,1,244363,connected,0
latour_1999_pandora_en,latour,topologia,flow,1,246209,FLOW,0
latour_1999_pandora_en,latour,topologia,connected,1,246558,connected,0
latour_1999_pandora_en,latour,topologia,connected,1,246885,connected,0
latour_1999_pandora_en,latour,topologia,disconnected,1,249292,disconnected,0
latour_1999_pandora_en,latour,topologia,surfaces,1,249485,surfaces,0
latour_1999_pandora_en,latour,topologia,path,1,249917,path,0
latour_1999_pandora_en,latour,topologia,circulation,1,250082,circulation,0
latour_1999_pandora_en,latour,topologia,trajectories,1,250639,trajectories,0
latour_1999_pandora_en,latour,topologia,flow,1,250941,FLOW,0
latour_1999_pandora_en,latour,topologia,circulating,1,255282,circulating,0
latour_1999_pandora_en,latour,topologia,circulating,1,256520,circulating,0
latour_1999_pandora_en,latour,topologia,paths,1,256899,paths,0
latour_1999_pandora_en,latour,topologia,circulate,1,256945,circulate,0
latour_1999_pandora_en,latour,topologia,outside,1,257231,outside,0
latour_1999_pandora_en,latour,topologia,flow,1,257507,flow,0
latour_1999_pandora_en,latour,topologia,circulate,1,257815,circulate,0
latour_1999_pandora_en,latour,topologia,circulating,1,268813,circulating,0
latour_1999_pandora_en,latour,topologia,surface,1,269681,surface,0
latour_1999_pandora_en,latour,topologia,boundaries,1,273801,boundaries,0
latour_1999_pandora_en,latour,topologia,boundaries,1,274002,boundaries,0
latour_1999_pandora_en,latour,topologia,connected,1,275124,connected,0
latour_1999_pandora_en,latour,topologia,circulation,1,278941,circulation,0
latour_1999_pandora_en,latour,topologia,circulating,1,280432,circulating,0
latour_1999_pandora_en,latour,topologia,circulating,1,283404,circulating,0
latour_1999_pandora_en,latour,topologia,inside,1,292579,inside,0
latour_1999_pandora_en,latour,topologia,path,1,297874,path,0
latour_1999_pandora_en,latour,topologia,planes,1,298965,planes,0
latour_1999_pandora_en,latour,topologia,plane,1,299725,plane,0
latour_1999_pandora_en,latour,topologia,plane,1,299869,plane,0
latour_1999_pandora_en,latour,topologia,plane,1,300111,plane,0
latour_1999_pandora_en,latour,topologia,plane,1,300146,plane,0
latour_1999_pandora_en,latour,topologia,plane,1,300230,plane,0
latour_1999_pandora_en,latour,topologia,plane,1,300296,plane,0
latour_1999_pandora_en,latour,topologia,connection,1,300316,connection,0
latour_1999_pandora_en,latour,topologia,plane,1,307826,plane,0
latour_1999_pandora_en,latour,topologia,outside,1,313958,outside,0
latour_1999_pandora_en,latour,topologia,planes,1,314060,planes,0
latour_1999_pandora_en,latour,topologia,plane,1,314492,plane,0
latour_1999_pandora_en,latour,topologia,circulating,1,319873,circulating,0
latour_1999_pandora_en,latour,topologia,flow,1,319959,flow,0
latour_1999_pandora_en,latour,topologia,flow,1,320524,flow,0
latour_1999_pandora_en,latour,topologia,connections,1,320532,connections,0
latour_1999_pandora_en,latour,topologia,paths,1,321484,paths,0
latour_1999_pandora_en,latour,topologia,path,1,322122,path,0
latour_1999_pandora_en,latour,topologia,planes,1,323909,planes,0
latour_1999_pandora_en,latour,topologia,plane,1,324020,plane,0
latour_1999_pandora_en,latour,topologia,outside,1,324763,outside,0
latour_1999_pandora_en,latour,topologia,planes,1,325559,planes,0
latour_1999_pandora_en,latour,topologia,planes,1,325687,planes,0
latour_1999_pandora_en,latour,topologia,planes,1,326843,planes,0
latour_1999_pandora_en,latour,topologia,paths,1,328086,paths,0
latour_1999_pandora_en,latour,topologia,boundaries,1,334484,boundaries,0
latour_1999_pandora_en,latour,topologia,fluidity,1,347252,fluidity,0
latour_1999_pandora_en,latour,topologia,circulating,1,349861,circulating,0
latour_1999_pandora_en,latour,topologia,fluidity,1,350441,fluidity,0
latour_1999_pandora_en,latour,topologia,outside,1,352783,outside,0
latour_1999_pandora_en,latour,topologia,circulating,1,363413,circulating,0
latour_1999_pandora_en,latour,topologia,path,1,376758,path,0
latour_1999_pandora_en,latour,topologia,connections,1,379466,connections,0
latour_1999_pandora_en,latour,topologia,inside,1,386480,inside,0
latour_1999_pandora_en,latour,topologia,inside,1,395060,inside,0
latour_1999_pandora_en,latour,topologia,inside,1,396402,inside,0
latour_1999_pandora_en,latour,topologia,connections,1,409548,connections,0
latour_1999_pandora_en,latour,topologia,paths,1,410298,paths,0
latour_1999_pandora_en,latour,topologia,connections,1,410672,connections,0
latour_1999_pandora_en,latour,topologia,path,1,414190,path,0
latour_1999_pandora_en,latour,topologia,folding,1,414440,Folding,0
latour_1999_pandora_en,latour,topologia,flow,1,418039,flow,0
latour_1999_pandora_en,latour,topologia,path,1,428196,path,0
latour_1999_pandora_en,latour,topologia,planes,1,430495,planes,0
latour_1999_pandora_en,latour,topologia,folding,1,432594,Folding,0
latour_1999_pandora_en,latour,topologia,inside,1,432957,inside,0
latour_1999_pandora_en,latour,topologia,inside,1,436689,inside,0
latour_1999_pandora_en,latour,topologia,inside,1,436715,inside,0
latour_1999_pandora_en,latour,topologia,folded,1,437192,folded,0
latour_1999_pandora_en,latour,topologia,boundary,1,438582,Boundary,0
latour_1999_pandora_en,latour,topologia,circulating,1,439236,circulating,0
latour_1999_pandora_en,latour,topologia,boundary,1,439355,boundary,0
latour_1999_pandora_en,latour,topologia,trajectory,1,442660,trajectory,0
latour_1999_pandora_en,latour,topologia,path,1,443871,path,0
latour_1999_pandora_en,latour,topologia,plane,1,446227,plane,0
latour_1999_pandora_en,latour,topologia,plane,1,446597,plane,0
latour_1999_pandora_en,latour,topologia,planes,1,446972,planes,0
latour_1999_pandora_en,latour,topologia,folded,1,448087,folded,0
latour_1999_pandora_en,latour,topologia,folds,1,451679,folds,0
latour_1999_pandora_en,latour,topologia,folded,1,458498,folded,0
latour_1999_pandora_en,latour,topologia,inside,1,459114,inside,0
latour_1999_pandora_en,latour,topologia,folding,1,459823,folding,0
latour_1999_pandora_en,latour,topologia,inside,1,461235,inside,0
latour_1999_pandora_en,latour,topologia,scale,1,461825,scale,0
latour_1999_pandora_en,latour,topologia,scale,1,462002,scale,0
latour_1999_pandora_en,latour,topologia,scale,1,464105,scale,0
latour_1999_pandora_en,latour,topologia,mesh,1,465106,mesh,0
latour_1999_pandora_en,latour,topologia,scale,1,469660,scale,0
latour_1999_pandora_en,latour,topologia,scale,1,475019,scale,0
latour_1999_pandora_en,latour,topologia,scale,1,477453,scale,0
latour_1999_pandora_en,latour,topologia,scale,1,477833,scale,0
latour_1999_pandora_en,latour,topologia,connected,1,477873,connected,0
latour_1999_pandora_en,latour,topologia,scale,1,479067,scale,0
latour_1999_pandora_en,latour,topologia,folding,1,479276,folding,0
latour_1999_pandora_en,latour,topologia,folding,1,479451,folding,0
latour_1999_pandora_en,latour,topologia,scale,1,484523,scale,0
latour_1999_pandora_en,latour,topologia,inside,1,485478,inside,0
latour_1999_pandora_en,latour,topologia,scale,1,486264,scale,0
latour_1999_pandora_en,latour,topologia,scale,1,492509,scale,0
latour_1999_pandora_en,latour,topologia,scale,1,494357,scale,0
latour_1999_pandora_en,latour,topologia,scale,1,507518,scale,0
latour_1999_pandora_en,latour,topologia,scale,1,508346,scale,0
latour_1999_pandora_en,latour,topologia,connection,1,516316,connection,0
latour_1999_pandora_en,latour,topologia,connection,1,517671,connection,0
latour_1999_pandora_en,latour,topologia,connection,1,531941,connection,0
latour_1999_pandora_en,latour,topologia,scale,1,577693,scale,0
latour_1999_pandora_en,latour,topologia,circulating,1,593481,circulating,0
latour_1999_pandora_en,latour,topologia,circulating,1,597182,circulating,0
latour_1999_pandora_en,latour,topologia,outside,1,607279,outside,0
latour_1999_pandora_en,latour,topologia,outside,1,607539,outside,0
latour_1999_pandora_en,latour,topologia,connections,1,628941,connections,0
latour_1999_pandora_en,latour,topologia,connected,1,629479,connected,0
latour_1999_pandora_en,latour,topologia,scale,1,637419,scale,0
latour_1999_pandora_en,latour,topologia,circulating,1,637511,circulating,0
latour_1999_pandora_en,latour,topologia,fluid,1,637523,fluid,0
latour_1999_pandora_en,latour,topologia,circulation,1,643113,circulation,0
latour_1999_pandora_en,latour,topologia,flow,1,643133,flow,0
latour_1999_pandora_en,latour,topologia,path,1,644224,path,0
latour_1999_pandora_en,latour,topologia,connection,1,644404,connection,0
latour_1999_pandora_en,latour,topologia,circulating,1,660346,circulating,0
latour_1999_pandora_en,latour,topologia,path,1,671032,path,0
latour_1999_pandora_en,latour,topologia,inside,1,673367,inside,0
latour_1999_pandora_en,latour,topologia,path,1,680577,path,0
latour_1999_pandora_en,latour,topologia,trajectories,1,686204,trajectories,0
latour_1999_pandora_en,latour,topologia,outside,1,688394,outside,0
latour_1999_pandora_en,latour,topologia,outside,1,689753,outside,0
latour_1999_pandora_en,latour,topologia,inside,1,692502,inside,0
latour_1999_pandora_en,latour,topologia,outside,1,692558,outside,0
latour_1999_pandora_en,latour,topologia,inside,1,692592,inside,0
latour_1999_pandora_en,latour,topologia,outside,1,692615,outside,0
latour_1999_pandora_en,latour,topologia,inside,1,693229,inside,0
latour_1999_pandora_en,latour,topologia,inside,1,693571,inside,0
latour_1999_pandora_en,latour,topologia,outside,1,693691,outside,0
latour_1999_pandora_en,latour,topologia,inside,1,693820,inside,0
latour_1999_pandora_en,latour,topologia,outside,1,693831,outside,0
latour_1999_pandora_en,latour,topologia,outside,1,693882,outside,0
latour_1999_pandora_en,latour,topologia,outside,1,693933,outside,0
latour_1999_pandora_en,latour,topologia,inside,1,693945,inside,0
latour_1999_pandora_en,latour,topologia,outside,1,712039,outside,0
latour_1999_pandora_en,latour,topologia,inside,1,712714,inside,0
latour_1999_pandora_en,latour,topologia,outside,1,713041,outside,0
latour_1999_pandora_en,latour,topologia,inside,1,716058,inside,0
latour_1999_pandora_en,latour,topologia,outside,1,719422,outside,0
latour_1999_pandora_en,latour,topologia,outside,1,719786,outside,0
latour_1999_pandora_en,latour,topologia,inside,1,719862,inside,0
latour_1999_pandora_en,latour,topologia,pathways,1,719933,pathways,0
latour_1999_pandora_en,latour,topologia,circulating,1,721780,circulating,0
latour_1999_pandora_en,latour,topologia,inside,1,731629,inside,0
latour_1999_pandora_en,latour,topologia,connected,1,734121,connected,0
latour_1999_pandora_en,latour,topologia,circulating,1,735314,CIRCULATING,0
latour_1999_pandora_en,latour,topologia,inside,1,738106,inside,0
latour_1999_pandora_en,latour,topologia,circulating,1,742141,circulating,0
latour_1999_pandora_en,latour,topologia,connections,1,743364,connections,0
latour_1999_pandora_en,latour,topologia,circulation,1,750286,circulation,0
latour_1999_pandora_en,latour,topologia,outside,1,750492,outside,0
latour_1999_pandora_en,latour,topologia,connected,1,750513,connected,0
latour_1999_pandora_en,latour,topologia,connections,1,751347,connections,0
latour_1999_pandora_en,latour,topologia,paths,1,751396,paths,0
latour_1999_pandora_en,latour,topologia,outside,1,751825,outside,0
latour_1999_pandora_en,latour,topologia,connection,1,751900,connection,0
latour_1999_pandora_en,latour,topologia,outside,1,751919,outside,0
latour_1999_pandora_en,latour,topologia,plane,1,752405,plane,0
latour_1999_pandora_en,latour,topologia,plane,1,752512,plane,0
latour_1999_pandora_en,latour,topologia,connections,1,753223,connections,0
latour_1999_pandora_en,latour,topologia,connections,1,763838,Connections,0
latour_1999_pandora_en,latour,topologia,boundary,1,764516,Boundary,0
latour_1999_pandora_en,latour,topologia,circulating,1,771802,Circulating,0
latour_1999_pandora_en,latour,topologia,outside,1,782319,Outside,0
latour_1999_pandora_en,latour,topologia,circulating,1,788282,circulating,0
